concorrente,dominio,tipo,grupo,recorrencia_serp,principais_termos,forca_observada,risco_para_ideia_multi_chat,oportunidade_para_mvp,prioridade_monitoramento,fontes
ChatPro,chatpro.com.br,plataforma,horizontal,5,"sistema de atendimento whatsapp; plataforma de atendimento whatsapp; gestao atendimento whatsapp","SEO horizontal forte, planos claros, automacao, WhatsApp compartilhado, API oficial","Disputa termos horizontais com alta intencao","Diferenciar por nicho, gestao operacional e profissionalizacao do atendimento",alta,"pesquisa-serp-amostra-001.csv; https://www.chatpro.com.br/"
UnderChat,underchat.com.br,plataforma,horizontal,6,"sistema de atendimento whatsapp; multiatendimento whatsapp; controle atendimento whatsapp","Copy forte de antes/depois, historico, filas, departamentos, metricas e integracoes","Muito alinhado com as dores que Victor citou","Aplicar a mesma logica de dor com contexto vertical de contabilidade",alta,"pesquisa-serp-amostra-001.csv; https://underchat.com.br/"
Total Chat,totalchat.com.br,plataforma,horizontal,4,"sistema de atendimento whatsapp; multiplos atendentes; multiatendimento whatsapp","WhatsApp e Instagram, dashboards, tags, agenda, relatorios, planos e prova social por nicho","Amplo conjunto de funcionalidades e prova social","Usar clareza de funcionalidades e metricas, mas com menos dispersao",alta,"pesquisa-serp-amostra-001.csv; https://www.totalchat.com.br/"
Letalk,letalk.com.br,plataforma,horizontal_segmentado,6,"plataforma de atendimento whatsapp; centralizar atendimento whatsapp; organizar atendimento whatsapp","Tem estrategia de segmentos, automacao, IA, funil, conversoes e metricas","Valida e disputa paginas por segmento","Criar paginas verticais mais especificas, principalmente contabilidade",alta,"pesquisa-serp-amostra-001.csv; https://letalk.com.br/"
DigiSac,digisac.com.br,plataforma,horizontal_multicanal,0,"citado por Victor; contabilidade em formulario comercial","Multicanal, PABX, WhatsApp API, triagem, campanhas, metricas e suporte","Pode ser percebido como solucao mais robusta","Posicionar Ideia Multi Chat como mais direto, focado e facil para WhatsApp/nichos",alta,"https://www.digisac.com.br/; https://digisac.com.br/en"
Zappy Contabil,zappycontabil.com.br,plataforma,nicho_contabilidade,3,"sistema de whatsapp para escritorio contabil; atendimento whatsapp escritorio contabil","Unico WhatsApp para multiusuarios, departamentos, chatbot, tags, transferencia e API oficial","Concorrente nichado direto para contabilidade","Criar copy superior em gestao, padronizacao, metricas e operacao contabil",alta,"pesquisa-serp-contabilidade-correcao-acentos.csv; https://zappycontabil.com.br/"
Integgri,integgri.com.br,plataforma,horizontal_com_pagina_contabil,3,"sistema whatsapp para contabilidade; whatsapp escritorio contabil","Pagina especifica de contabilidade, departamentos, perfil profissional, relatorios","Disputa termos especificos de contabilidade","Aprofundar exemplos de DP, fiscal, financeiro, societario e suporte",alta,"pesquisa-serp-contabilidade-correcao-acentos.csv; https://www.integgri.com.br/sistema-whatsapp-para-contatbilidade/"
Whats Contabil,whatscontabil.com,plataforma,nicho_contabilidade,3,"whatsapp contabil; sistema whatsapp escritorio contabil","Fala a lingua do contador, FAQ profundo, LGPD, historico, treinamento e reputacao","Concorrente nichado com boa leitura de objeções","Criar FAQ robusto e paginas de dor para escritorio contabil",alta,"pesquisa-serp-contabilidade-correcao-acentos.csv; https://site.whatscontabil.com/"
Nibo,nibo.com.br,conteudo_erp,contabilidade,4,"whatsapp contabil; atendimento profissional contabilidade","Conteudo de autoridade para contabilidade","Pode capturar demanda informacional antes da landing page","Usar como referencia para blog de apoio e links internos",media,"pesquisa-serp-contabilidade-correcao-acentos.csv; https://www.nibo.com.br/blog/whatsapp-contabil-atendimento-profissional"
Acelerato,acelerato.com,helpdesk,contabilidade,1,"software atendimento para contabilidade","Pagina especifica para atendimento em contabilidade","Pode disputar termo 'software de atendimento'","Diferenciar por WhatsApp e operacao real do escritorio",media,"pesquisa-serp-contabilidade-correcao-acentos.csv; https://acelerato.com/software-atendimento-para-contabilidade/"
Blip,blip.ai,enterprise,horizontal,2,"gestao atendimento whatsapp; atendimento omnichannel whatsapp","Enterprise, IA, WhatsApp API, casos e automacao","Forte em contas maiores e maturidade tecnica","Nao competir no enterprise no MVP; usar como referencia de maturidade",media,"pesquisa-serp-amostra-001.csv; https://www.blip.ai/"
Kommo,kommo.com,crm,horizontal,2,"crm whatsapp; crm para whatsapp","CRM com WhatsApp e vendas","Disputa termos de CRM e funil","Evitar brigar so por CRM; posicionar como atendimento e gestao operacional",media,"pesquisa-serp-amostra-001.csv; https://www.kommo.com/"
Clientify,clientify.com,crm_conteudo,horizontal,2,"crm para whatsapp; crm whatsapp","Conteudo comparativo e CRM","Captura busca de comparacao e CRM","Criar conteudos comparativos mais localizados em portugues BR",media,"pesquisa-serp-amostra-001.csv; https://clientify.com/"
WhatO,whato.app,crm,horizontal_contabilidade,4,"crm para whatsapp; whatsapp para contadores","Aparece em CRM e algumas buscas de contabilidade","Pode competir em CRM para WhatsApp por nicho","Avaliar se merece comparativo depois do MVP",media,"pesquisa-serp-amostra-001.csv"
