nicho,dor_principal_provavel,fit_produto_1a5,intencao_provavel_1a5,concorrente_sinal_conhecido,facilidade_pagina_1a5,prioridade_inicial,observacao
Contabilidade,"Alto volume de mensagens, documentos, prazos, clientes recorrentes e necessidade de padronizar atendimento",5,4,"Zap Contabil citado por Victor; maior base atual de clientes",5,A,"Melhor combinacao inicial entre fit comercial, dor clara e concorrente nichado"
Clinicas,"Agendamentos, confirmacoes, faltas, retornos, duvidas e atendimento por equipe",5,4,"Players de agenda, CRM e atendimento em saude",5,A,"Dor recorrente, alta dependencia de WhatsApp e boa aplicacao de automacao"
Odontologia,"Agendamento, reativacao de pacientes, lembretes, orcamentos e pos-consulta",5,4,"Similar a clinicas, com demanda especifica por agenda e relacionamento",5,A,"Nicho facil de segmentar e com dores claras de atendimento e conversao"
Imobiliarias,"Leads de portais, atendimento rapido, distribuicao para corretores e follow-up",5,4,"CRMs imobiliarios e automacoes competem por atendimento",5,A,"Forte dor de velocidade e distribuicao de leads via WhatsApp"
Oficinas mecanicas,"Orcamentos, status de servico, agendamento, autorizacao e retorno de clientes",4,3,"Victor citou oficinas como logica possivel de segmento",4,B,"Bom fit operacional, mas demanda organica precisa ser provada"
Estetica,"Agendamento, recorrencia, lembretes, campanhas e relacionamento com clientes",4,4,"Concorrencia provavel em agenda, marketing e WhatsApp",4,B,"Boa dor de automacao e relacionamento, mas pode misturar com agenda/CRM"
Advocacia,"Triagem, controle de contatos, padronizacao, acompanhamento e sigilo operacional",4,3,"Possiveis softwares juridicos, mas busca por WhatsApp precisa validacao",4,B,"Atendimento recorrente existe, mas comunicacao deve ser cuidadosa e menos promocional"
Escolas e cursos,"Atendimento a alunos e pais, matriculas, lembretes, suporte e campanhas",4,3,"CRMs educacionais e ferramentas de comunicacao",4,B,"Boa aplicacao para centralizacao e mensagens programadas"
Assistencia tecnica,"Orcamentos, chamados, status de reparo, retirada/entrega e suporte",4,3,"Pode concorrer com sistemas de ordem de servico",4,B,"Dor operacional concreta, mas termo de busca pode nao citar WhatsApp diretamente"
Provedores de internet,"Suporte, segunda via, chamados, aviso de manutencao e atendimento em escala",5,3,"Segmento costuma ter sistemas proprios e canais de suporte",4,B,"Fit alto, mas pode exigir posicionamento mais tecnico e integracoes"
Seguros e corretoras,"Atendimento de leads, cotacoes, renovacoes, follow-up e segmentacao",4,3,"CRMs e plataformas de venda consultiva",4,B,"Bom fit para tags, funil e follow-up, mas demanda organica precisa ser validada"
Lojas e e-commerce,"Atendimento pre-venda, pos-venda, duvidas, pedidos e recuperacao de clientes",4,4,"Muitos concorrentes horizontais e e-commerce tools",3,B,"Demanda possivelmente alta, mas SERP pode estar muito competitiva"
Concessionarias e revendas,"Leads, agendamento de test-drive, propostas, follow-up e distribuicao para vendedores",4,3,"CRMs automotivos e ferramentas de leads",4,C,"Potencial bom, mas nao apareceu ainda na conversa nem como base atual"
Academias,"Matriculas, renovacoes, lembretes, suporte e campanhas para alunos",3,3,"Ferramentas de gestao de academias",3,C,"Pode ser util, mas fit parece menos prioritario que clinicas/contabilidade"
Restaurantes e delivery,"Pedidos, reservas, cardapio, suporte e recorrencia",3,3,"Concorrencia com delivery, cardapio digital e bots",3,C,"Demanda existe, mas pode fugir do posicionamento B2B de atendimento estruturado"
