"grupo","nicho","termo","prioridade_inicial","intencao_esperada","uso_provavel","volume_estimado","cpc_estimado","tendencia","serp_coletada","top_domains","tipo_serp","concorrentes_recorrentes","oportunidade_serp_1a5","intencao_observada","recomendacao","notas"
"horizontal","","sistema de atendimento whatsapp","A","comercial","landing_page","","","","sim","chatpro.com.br; underchat.com.br; totalchat.com.br; zapsac.com; letalk.com.br","","chatpro.com.br; letalk.com.br; totalchat.com.br","","","","Top 3: 1. chatPro - Plataforma de Atendimento via WhatsApp | 2. UnderChat - Multiatendimento com WhatsApp | 3. Total Chat | Multiplique seus Atendimentos e Resultados via ..."
"horizontal","","plataforma de atendimento whatsapp","A","comercial","landing_page","","","","sim","chatpro.com.br; underchat.com.br; letalk.com.br; totalchat.com.br; sleekflow.io","","chatpro.com.br; letalk.com.br; sleekflow.io","","","","Top 3: 1. chatPro - Plataforma de Atendimento via WhatsApp | 2. UnderChat - Multiatendimento com WhatsApp | 3. Letalk - Atendimento e automação para WhatsApp"
"horizontal","","whatsapp com multiplos atendentes","A","comercial","landing_page","","","","sim","faq.whatsapp.com; totalchat.com.br; underchat.com.br; multiatendente.com; whats.company","","faq.whatsapp.com; multiatendente.com; totalchat.com.br","","","","Top 3: 1. Sobre multiagentes | WhatsApp Help Center | 2. Total Chat | Multiplique seus Atendimentos e Resultados via ... | 3. UnderChat - Multiatendimento com WhatsApp"
"horizontal","","multiatendimento whatsapp","A","comercial","landing_page","","","","sim","multiatendimento.com; underchat.com.br; totalchat.com.br; multiatendente.com; whatshelp.com.br","","multiatendente.com; multiatendimento.com; totalchat.com.br","","","","Top 3: 1. Multi Atendimento – é a plataforma de Multi Atendimento no ... | 2. UnderChat - Multiatendimento com WhatsApp | 3. Total Chat | Multiplique seus Atendimentos e Resultados via ..."
"horizontal","","crm para whatsapp","A","comercial","landing_page","","","","sim","clientify.com; kommo.com; whato.app; youtube.com; leadsales.io","","clientify.com; kommo.com; leadsales.io","","","","Top 3: 1. The 7 best CRM with WhatsApp integration to sell more - Clientify | 2. WhatsApp CRM - Kommo | 3. CRM para WhatsApp - Whato CRM ✔️"
"horizontal","","crm whatsapp","A","comercial","landing_page","","","","sim","kommo.com; clientify.com; hubspot.com; reddit.com; nethunt.com","","clientify.com; hubspot.com; kommo.com","","","","Top 3: 1. Kommo's Guide to WhatsApp CRM | 2. The 7 best CRM with WhatsApp integration to sell more - Clientify | 3. WhatsApp CRM Integration - HubSpot"
"horizontal","","sistema omnichannel whatsapp","A","comercial","landing_page","","","","sim","omnis.cl; interakt.shop; empresaysociedad.org; coldview.com; sinch.com","","coldview.com; empresaysociedad.org; interakt.shop","","","","Top 3: 1. Funcion Omnicanal de WhatsApp para empresas | 2. El papel de WhatsApp en la omnicanalidad [2025] - Interakt | 3. WhatsApp omnicanal con IA que automatiza la relación cliente y ..."
"horizontal","","atendimento omnichannel whatsapp","A","comercial","landing_page","","","","sim","omnichannel.com.br; ochannel.com.br; omnismart.com.br; roboflow.com.br; clientela.app","","clientela.app; ochannel.com.br; omnichannel.com.br","","","","Top 3: 1. OmniChannel | Organize WhatsApp, Instagram e Facebook em uma ... | 2. OMNI channel | WhatsApp, Redes Sociais e CRM Integrados | 3. Como Utilizar O Whatsapp Como Canal De Atendimento Omnichannel"
"horizontal","","centralizar atendimento whatsapp","A","dor_comercial","landing_page_ou_blog","","","","sim","calcme.com.br; letalk.com.br; youtube.com; chatpro.com.br; suri.ai","","calcme.com.br; chatpro.com.br; letalk.com.br","","","","Top 3: 1. Como centralizar atendimento WhatsApp? - Calcme | 2. Letalk - Atendimento e automação para WhatsApp | 3. Como Setorizar o WhatsApp e Turbinar o Atendimento - YouTube"
"horizontal","","organizar atendimento whatsapp","A","dor_comercial","landing_page_ou_blog","","","","sim","youtube.com; zappycontabil.com.br; piniweb.com.br; letalk.com.br; blog.plotado.com.br","","blog.plotado.com.br; letalk.com.br; piniweb.com.br","","","","Top 3: 1. COMO ORGANIZAR MEUS ATENDIMENTOS VIA WHATSAPP ? | 2. Organizar atendimento no WhatsApp: O sistema ideal para ... | 3. Como organizar o atendimento no WhatsApp em 3 etapas simples"
"horizontal","","gestao de atendimento whatsapp","A","comercial","landing_page","","","","sim","chatpro.com.br; blip.ai; underchat.com.br; letalk.com.br; youtube.com","","blip.ai; chatpro.com.br; letalk.com.br","","","","Top 3: 1. chatPro - Plataforma de Atendimento via WhatsApp | 2. Sistema de gestão de WhatsApp: 4 vantagens | Blip Blog | 3. UnderChat - Multiatendimento com WhatsApp"
"horizontal","","controle de atendimento whatsapp","A","comercial","landing_page_ou_blog","","","","sim","chatpro.com.br; underchat.com.br; letalk.com.br; blip.ai; rdstation.com","","blip.ai; chatpro.com.br; letalk.com.br","","","","Top 3: 1. chatPro - Plataforma de Atendimento via WhatsApp | 2. UnderChat - Multiatendimento com WhatsApp | 3. Letalk - Atendimento e automação para WhatsApp"
"horizontal","","chatbot whatsapp para empresas","B","comercial","landing_page","","","","nao","","","","","","",""
"horizontal","","automacao whatsapp para empresas","B","comercial","landing_page","","","","nao","","","","","","",""
"horizontal","","plataforma de atendimento ao cliente whatsapp","B","comercial","landing_page","","","","nao","","","","","","",""
"horizontal","","sistema de atendimento ao cliente whatsapp","B","comercial","landing_page","","","","nao","","","","","","",""
"nicho","Contabilidade","sistema de atendimento para contabilidade","A","comercial","landing_page","","","","sim","dominiosistemas.com.br; acelerato.com; confi.net.br; contaazul.com; integgri.com.br","","acelerato.com; confi.net.br; contaazul.com","","","","Top 3: 1. Sistema para contabilidade | Thomson Reuters - Soluções Domínio | 2. Software de Atendimento para Contabilidade | Sistema Acelerato | | 3. Top 5 plataformas de atendimento: comparativo para contadores"
"nicho","Contabilidade","sistema de whatsapp para contabilidade","A","comercial","landing_page","","","","sim","integgri.com.br; zappycontabil.com.br; whatscontabil.com; chatcontabil.com; nibo.com.br","","chatcontabil.com; integgri.com.br; nibo.com.br","","","","Top 3: 1. Sistema de WhatsApp para Escritório de Contabilidade | Teste Grátis | 2. Zappy Contábil: Sistema de Atendimento WhatsApp | 3. Whats Contábil - Landing Page - Whats Contábil"
"nicho","Contabilidade","whatsapp para contadores","A","comercial","landing_page","","","","sim","facebook.com; whato.app; tiktok.com; soytecca.com; aldiacontador.com","","aldiacontador.com; facebook.com; soytecca.com","","","","Top 3: 1. Algún grupo de contadores Profesionales en WhatsApp para ... | 2. CRM WhatsApp para Contadores: Gestiona con Eficiencia | 3. Grupo de Contadores en WhatsApp - ¡Únete Gratis! - TikTok"
"nicho","Contabilidade","whatsapp para escritorio contabil","A","comercial","landing_page","","","","sim","whatsapp.com; contaportable.com; integgri.com.br; youtube.com; apps.microsoft.com","","apps.microsoft.com; contaportable.com; integgri.com.br","","","","Top 3: 1. Descarga WhatsApp Escritorio | 2. WhatsApp para la Contabilidad y Como usarlo sin el celular | 3. Sistema de WhatsApp para Escritório de Contabilidade | Teste Grátis"
"nicho","Contabilidade","crm whatsapp para contabilidade","A","comercial","landing_page","","","","sim","whato.app; plotado.com.br; manycontacts.com; socialhub.pro; nettcom.io","","manycontacts.com; nettcom.io; plotado.com.br","","","","Top 3: 1. CRM WhatsApp para Contadores: Gestiona con Eficiencia | 2. CRM para contabilidade no WhatsApp com IA e automações - Plotado | 3. CRM de WhatsApp para Escritórios de Contabilidade - ManyContacts"
"nicho","Contabilidade","chatbot whatsapp para contabilidade","A","comercial","landing_page_ou_blog","","","","sim","maxbot.com.br; zapcontabil.com; innovtalk.com.br; zappycontabil.com.br; socialhub.pro","","innovtalk.com.br; maxbot.com.br; socialhub.pro","","","","Top 3: 1. WhatsApp para Contabilidade: Atendimento com API Oficial | Maxbot | 2. Chatbot no WhatsApp para Contabilidade: Melhore Seu Atendimento! | 3. Chatbot para Pequenas Empresas no WhatsApp: Guia Completo"
"nicho","Contabilidade","automacao whatsapp para contabilidade","A","comercial","landing_page_ou_blog","","","","sim","maxbot.com.br; socialhub.pro; zappyplataforma.com.br; whato.app; instagram.com","","instagram.com; maxbot.com.br; socialhub.pro","","","","Top 3: 1. WhatsApp para Contabilidade: Atendimento com API Oficial | Maxbot | 2. WhatsApp Contabilidade 2026: Automação Escritório - SocialHub | 3. Automatização do atendimento ao cliente: WhatsApp para contadores"
"nicho","Contabilidade","atendimento whatsapp para contadores","A","comercial","landing_page","","","","sim","maxbot.com.br; youtube.com; integgri.com.br; socialhub.pro; nibo.com.br","","integgri.com.br; maxbot.com.br; nibo.com.br","","","","Top 3: 1. WhatsApp para Contabilidade: Atendimento com API Oficial | Maxbot | 2. WhatsApp Exclusivo para Contadores: Atenda Todos os ... - YouTube | 3. Sistema de WhatsApp para Escritório de Contabilidade | Teste Grátis"
"nicho","Contabilidade","plataforma de atendimento para contabilidade","A","comercial","landing_page","","","","nao","","","","","","",""
"nicho","Contabilidade","sistema de atendimento para escritorio contabil","A","comercial","landing_page","","","","nao","","","","","","",""
"nicho","Contabilidade","sistema de atendimento para escritório contábil","A","comercial","landing_page","","","","sim","dominiosistemas.com.br; acelerato.com; contabeis.com.br; contaazul.com; alterdata.com.br","","acelerato.com; alterdata.com.br; contaazul.com","","","","Top 3: 1. Sistema para contabilidade | Thomson Reuters - Soluções Domínio | 2. Software de Atendimento para Contabilidade | Sistema Acelerato | | 3. Os 05 melhores sistemas contábeis do Brasil"
"nicho","Contabilidade","sistema de whatsapp para escritório contábil","A","comercial","landing_page","","","","sim","whatscontabil.com; zappycontabil.com.br; integgri.com.br; zapcontabil.com; nibo.com.br","","integgri.com.br; nibo.com.br; whatscontabil.com","","","","Top 3: 1. Whats Contábil - Landing Page - Whats Contábil | 2. Zappy Contábil: Sistema de Atendimento WhatsApp | 3. Sistema de WhatsApp para Escritório de Contabilidade | Teste Grátis"
"nicho","Contabilidade","whatsapp para escritórios contábeis","A","comercial","landing_page","","","","sim","zapcontabil.com; integgri.com.br; nibo.com.br; zappycontabil.com.br; socialhub.pro","","integgri.com.br; nibo.com.br; socialhub.pro","","","","Top 3: 1. Zap Contábil | 2. Sistema de WhatsApp para Escritório de Contabilidade | Teste Grátis | 3. WhatsApp contábil: transforme a comunicação com seus clientes ..."
"nicho","Contabilidade","whatsapp para contadores brasil","A","comercial","landing_page","","","","sim","whatscontabil.com; nibo.com.br; zapcontabil.com; confi.net.br; contabeis.com.br","","confi.net.br; contabeis.com.br; nibo.com.br","","","","Top 3: 1. Gestão de Whatsapp para Contadores - Whats Contábil | 2. WhatsApp contábil: transforme a comunicação com seus clientes ... | 3. Zap Contábil"
"nicho","Contabilidade","atendimento whatsapp escritório contábil","A","comercial","landing_page","","","","sim","whatscontabil.com; zappycontabil.com.br; nibo.com.br; superdrivecontabil.com.br; integgri.com.br","","integgri.com.br; nibo.com.br; superdrivecontabil.com.br","","","","Top 3: 1. Gestão de Whatsapp para Contadores - Whats Contábil | 2. Zappy Contábil: Sistema de Atendimento WhatsApp | 3. WhatsApp contábil: transforme a comunicação com seus clientes ..."
"nicho","Contabilidade","gestão de whatsapp para contadores","A","comercial","landing_page_ou_blog","","","","nao","","","","","","",""
"nicho","Contabilidade","whatsapp contábil","A","comercial","landing_page_ou_blog","","","","nao","","","","","","",""
"nicho","Contabilidade","sistema de atendimento whatsapp para contabilidade","A","comercial","landing_page","","","","nao","","","","","","",""
"nicho","Clinicas","sistema de atendimento para clinicas","A","comercial","landing_page","","","","nao","","","","","","",""
"nicho","Clinicas","sistema de whatsapp para clinicas","A","comercial","landing_page","","","","nao","","","","","","",""
"nicho","Clinicas","whatsapp para clinicas","A","comercial","landing_page","","","","nao","","","","","","",""
"nicho","Clinicas","crm whatsapp para clinicas","A","comercial","landing_page","","","","nao","","","","","","",""
"nicho","Clinicas","chatbot whatsapp para clinicas","A","comercial","landing_page_ou_blog","","","","nao","","","","","","",""
"nicho","Clinicas","automacao whatsapp para clinicas","A","comercial","landing_page_ou_blog","","","","nao","","","","","","",""
"nicho","Clinicas","atendimento whatsapp para clinicas","A","comercial","landing_page","","","","nao","","","","","","",""
"nicho","Clinicas","plataforma de atendimento para clinicas","A","comercial","landing_page","","","","nao","","","","","","",""
"nicho","Clinicas","sistema para atendimento de pacientes","A","comercial","landing_page_ou_blog","","","","nao","","","","","","",""
"nicho","Clinicas","whatsapp para atendimento de pacientes","A","comercial","landing_page_ou_blog","","","","nao","","","","","","",""
"nicho","Odontologia","sistema de atendimento para odontologia","A","comercial","landing_page","","","","nao","","","","","","",""
"nicho","Odontologia","sistema de whatsapp para dentistas","A","comercial","landing_page","","","","nao","","","","","","",""
"nicho","Odontologia","whatsapp para dentistas","A","comercial","landing_page","","","","nao","","","","","","",""
"nicho","Odontologia","whatsapp para clinica odontologica","A","comercial","landing_page","","","","nao","","","","","","",""
"nicho","Odontologia","crm whatsapp para dentistas","A","comercial","landing_page","","","","nao","","","","","","",""
"nicho","Odontologia","chatbot whatsapp para odontologia","A","comercial","landing_page_ou_blog","","","","nao","","","","","","",""
"nicho","Odontologia","automacao whatsapp para odontologia","A","comercial","landing_page_ou_blog","","","","nao","","","","","","",""
"nicho","Odontologia","atendimento whatsapp para dentistas","A","comercial","landing_page","","","","nao","","","","","","",""
"nicho","Odontologia","plataforma de atendimento para odontologia","A","comercial","landing_page","","","","nao","","","","","","",""
"nicho","Odontologia","sistema para atendimento odontologico","A","comercial","landing_page_ou_blog","","","","nao","","","","","","",""
"nicho","Imobiliarias","sistema de atendimento para imobiliarias","A","comercial","landing_page","","","","nao","","","","","","",""
"nicho","Imobiliarias","sistema de whatsapp para imobiliarias","A","comercial","landing_page","","","","nao","","","","","","",""
"nicho","Imobiliarias","whatsapp para imobiliarias","A","comercial","landing_page","","","","nao","","","","","","",""
"nicho","Imobiliarias","whatsapp para corretores","A","comercial","landing_page","","","","nao","","","","","","",""
"nicho","Imobiliarias","crm whatsapp para imobiliarias","A","comercial","landing_page","","","","nao","","","","","","",""
"nicho","Imobiliarias","chatbot whatsapp para imobiliarias","A","comercial","landing_page_ou_blog","","","","nao","","","","","","",""
"nicho","Imobiliarias","automacao whatsapp para imobiliarias","A","comercial","landing_page_ou_blog","","","","nao","","","","","","",""
"nicho","Imobiliarias","atendimento whatsapp para imobiliarias","A","comercial","landing_page","","","","nao","","","","","","",""
"nicho","Imobiliarias","plataforma de atendimento para imobiliarias","A","comercial","landing_page","","","","nao","","","","","","",""
"nicho","Imobiliarias","sistema para atendimento de leads imobiliarios","A","comercial","landing_page_ou_blog","","","","nao","","","","","","",""
"nicho","Oficinas mecanicas","sistema de atendimento para oficinas","B","comercial","landing_page","","","","nao","","","","","","",""
"nicho","Oficinas mecanicas","sistema de whatsapp para oficinas","B","comercial","landing_page","","","","nao","","","","","","",""
"nicho","Oficinas mecanicas","whatsapp para oficina mecanica","B","comercial","landing_page","","","","nao","","","","","","",""
"nicho","Oficinas mecanicas","crm whatsapp para oficinas","B","comercial","landing_page","","","","nao","","","","","","",""
"nicho","Oficinas mecanicas","chatbot whatsapp para oficinas","B","comercial","landing_page_ou_blog","","","","nao","","","","","","",""
"nicho","Oficinas mecanicas","automacao whatsapp para oficinas","B","comercial","landing_page_ou_blog","","","","nao","","","","","","",""
"nicho","Oficinas mecanicas","atendimento whatsapp para oficina mecanica","B","comercial","landing_page","","","","nao","","","","","","",""
"nicho","Oficinas mecanicas","plataforma de atendimento para oficinas","B","comercial","landing_page","","","","nao","","","","","","",""
"nicho","Oficinas mecanicas","sistema para atendimento de clientes oficina","B","comercial","landing_page_ou_blog","","","","nao","","","","","","",""
"nicho","Estetica","sistema de atendimento para estetica","B","comercial","landing_page","","","","nao","","","","","","",""
"nicho","Estetica","sistema de whatsapp para estetica","B","comercial","landing_page","","","","nao","","","","","","",""
"nicho","Estetica","whatsapp para clinica de estetica","B","comercial","landing_page","","","","nao","","","","","","",""
"nicho","Estetica","crm whatsapp para estetica","B","comercial","landing_page","","","","nao","","","","","","",""
"nicho","Estetica","chatbot whatsapp para estetica","B","comercial","landing_page_ou_blog","","","","nao","","","","","","",""
"nicho","Estetica","automacao whatsapp para estetica","B","comercial","landing_page_ou_blog","","","","nao","","","","","","",""
"nicho","Estetica","atendimento whatsapp para estetica","B","comercial","landing_page","","","","nao","","","","","","",""
"nicho","Estetica","plataforma de atendimento para estetica","B","comercial","landing_page","","","","nao","","","","","","",""
"nicho","Estetica","sistema para atendimento em estetica","B","comercial","landing_page_ou_blog","","","","nao","","","","","","",""
"nicho","Advocacia","sistema de atendimento para advocacia","B","comercial","landing_page","","","","nao","","","","","","",""
"nicho","Advocacia","sistema de whatsapp para advogados","B","comercial","landing_page","","","","nao","","","","","","",""
"nicho","Advocacia","whatsapp para advogados","B","comercial","landing_page","","","","nao","","","","","","",""
"nicho","Advocacia","whatsapp para escritorio de advocacia","B","comercial","landing_page","","","","nao","","","","","","",""
"nicho","Advocacia","crm whatsapp para advocacia","B","comercial","landing_page","","","","nao","","","","","","",""
"nicho","Advocacia","chatbot whatsapp para advocacia","B","comercial","landing_page_ou_blog","","","","nao","","","","","","",""
"nicho","Advocacia","automacao whatsapp para advocacia","B","comercial","landing_page_ou_blog","","","","nao","","","","","","",""
"nicho","Advocacia","atendimento whatsapp para advogados","B","comercial","landing_page","","","","nao","","","","","","",""
"nicho","Advocacia","plataforma de atendimento para advocacia","B","comercial","landing_page","","","","nao","","","","","","",""
"nicho","Escolas e cursos","sistema de atendimento para escolas","B","comercial","landing_page","","","","nao","","","","","","",""
"nicho","Escolas e cursos","sistema de whatsapp para escolas","B","comercial","landing_page","","","","nao","","","","","","",""
"nicho","Escolas e cursos","whatsapp para escolas","B","comercial","landing_page","","","","nao","","","","","","",""
"nicho","Escolas e cursos","whatsapp para cursos","B","comercial","landing_page","","","","nao","","","","","","",""
"nicho","Escolas e cursos","crm whatsapp para escolas","B","comercial","landing_page","","","","nao","","","","","","",""
"nicho","Escolas e cursos","chatbot whatsapp para escolas","B","comercial","landing_page_ou_blog","","","","nao","","","","","","",""
"nicho","Escolas e cursos","automacao whatsapp para escolas","B","comercial","landing_page_ou_blog","","","","nao","","","","","","",""
"nicho","Escolas e cursos","atendimento whatsapp para alunos","B","comercial","landing_page_ou_blog","","","","nao","","","","","","",""
"nicho","Escolas e cursos","plataforma de atendimento para escolas","B","comercial","landing_page","","","","nao","","","","","","",""
"nicho","Assistencia tecnica","sistema de atendimento para assistencia tecnica","B","comercial","landing_page","","","","nao","","","","","","",""
"nicho","Assistencia tecnica","sistema de whatsapp para assistencia tecnica","B","comercial","landing_page","","","","nao","","","","","","",""
"nicho","Assistencia tecnica","whatsapp para assistencia tecnica","B","comercial","landing_page","","","","nao","","","","","","",""
"nicho","Assistencia tecnica","crm whatsapp para assistencia tecnica","B","comercial","landing_page","","","","nao","","","","","","",""
"nicho","Assistencia tecnica","chatbot whatsapp para assistencia tecnica","B","comercial","landing_page_ou_blog","","","","nao","","","","","","",""
"nicho","Assistencia tecnica","automacao whatsapp para assistencia tecnica","B","comercial","landing_page_ou_blog","","","","nao","","","","","","",""
"nicho","Assistencia tecnica","atendimento whatsapp para assistencia tecnica","B","comercial","landing_page","","","","nao","","","","","","",""
"nicho","Assistencia tecnica","plataforma de atendimento para assistencia tecnica","B","comercial","landing_page","","","","nao","","","","","","",""
"nicho","Provedores de internet","sistema de atendimento para provedores","B","comercial","landing_page","","","","nao","","","","","","",""
"nicho","Provedores de internet","sistema de whatsapp para provedores","B","comercial","landing_page","","","","nao","","","","","","",""
"nicho","Provedores de internet","whatsapp para provedores de internet","B","comercial","landing_page","","","","nao","","","","","","",""
"nicho","Provedores de internet","crm whatsapp para provedores","B","comercial","landing_page","","","","nao","","","","","","",""
"nicho","Provedores de internet","chatbot whatsapp para provedores","B","comercial","landing_page_ou_blog","","","","nao","","","","","","",""
"nicho","Provedores de internet","automacao whatsapp para provedores","B","comercial","landing_page_ou_blog","","","","nao","","","","","","",""
"nicho","Provedores de internet","atendimento whatsapp para provedor de internet","B","comercial","landing_page","","","","nao","","","","","","",""
"nicho","Provedores de internet","plataforma de atendimento para provedores","B","comercial","landing_page","","","","nao","","","","","","",""
"nicho","Seguros e corretoras","sistema de atendimento para corretoras de seguros","B","comercial","landing_page","","","","nao","","","","","","",""
"nicho","Seguros e corretoras","sistema de whatsapp para corretoras","B","comercial","landing_page","","","","nao","","","","","","",""
"nicho","Seguros e corretoras","whatsapp para corretora de seguros","B","comercial","landing_page","","","","nao","","","","","","",""
"nicho","Seguros e corretoras","crm whatsapp para corretoras","B","comercial","landing_page","","","","nao","","","","","","",""
"nicho","Seguros e corretoras","chatbot whatsapp para seguros","B","comercial","landing_page_ou_blog","","","","nao","","","","","","",""
"nicho","Seguros e corretoras","automacao whatsapp para corretoras","B","comercial","landing_page_ou_blog","","","","nao","","","","","","",""
"nicho","Seguros e corretoras","atendimento whatsapp para corretora","B","comercial","landing_page","","","","nao","","","","","","",""
"nicho","Seguros e corretoras","plataforma de atendimento para corretoras","B","comercial","landing_page","","","","nao","","","","","","",""
"nicho","Lojas e e-commerce","sistema de atendimento para ecommerce","B","comercial","landing_page","","","","nao","","","","","","",""
"nicho","Lojas e e-commerce","sistema de whatsapp para ecommerce","B","comercial","landing_page","","","","nao","","","","","","",""
"nicho","Lojas e e-commerce","whatsapp para loja virtual","B","comercial","landing_page","","","","nao","","","","","","",""
"nicho","Lojas e e-commerce","crm whatsapp para ecommerce","B","comercial","landing_page","","","","nao","","","","","","",""
"nicho","Lojas e e-commerce","chatbot whatsapp para ecommerce","B","comercial","landing_page_ou_blog","","","","nao","","","","","","",""
"nicho","Lojas e e-commerce","automacao whatsapp para ecommerce","B","comercial","landing_page_ou_blog","","","","nao","","","","","","",""
"nicho","Lojas e e-commerce","atendimento whatsapp para ecommerce","B","comercial","landing_page","","","","nao","","","","","","",""
"nicho","Lojas e e-commerce","plataforma de atendimento para ecommerce","B","comercial","landing_page","","","","nao","","","","","","",""
"nicho","Lojas e e-commerce","whatsapp para vendas online","B","comercial","landing_page_ou_blog","","","","nao","","","","","","",""
"dor","","como organizar atendimento pelo whatsapp","A","informacional_comercial","blog","","","","nao","","","","","","",""
"dor","","como controlar atendimento pelo whatsapp","A","informacional_comercial","blog","","","","nao","","","","","","",""
"dor","","como distribuir atendimento no whatsapp","A","informacional_comercial","blog","","","","nao","","","","","","",""
"dor","","como atender clientes pelo whatsapp com equipe","A","informacional_comercial","blog","","","","nao","","","","","","",""
"dor","","como medir atendimento da equipe","A","informacional_comercial","blog","","","","nao","","","","","","",""
"dor","","como padronizar atendimento ao cliente","A","informacional_comercial","blog","","","","nao","","","","","","",""
"dor","","como automatizar atendimento no whatsapp","A","informacional_comercial","blog","","","","nao","","","","","","",""
"dor","","como centralizar atendimento no whatsapp","A","informacional_comercial","blog","","","","nao","","","","","","",""
"dor","","como evitar perda de mensagens no whatsapp da empresa","A","informacional_comercial","blog","","","","nao","","","","","","",""
"dor","","como profissionalizar atendimento pelo whatsapp","A","informacional_comercial","blog","","","","nao","","","","","","",""
"dor","","como acompanhar desempenho dos atendentes","B","informacional_comercial","blog","","","","nao","","","","","","",""
"dor","","como usar tags no atendimento whatsapp","B","informacional_comercial","blog","","","","nao","","","","","","",""
"dor","","mensagens programadas para clientes whatsapp","B","informacional_comercial","blog","","","","nao","","","","","","",""
"dor","","atendimento whatsapp para equipe comercial","B","comercial","blog_ou_landing_page","","","","nao","","","","","","",""
"dor","","atendimento whatsapp para suporte ao cliente","B","comercial","blog_ou_landing_page","","","","nao","","","","","","",""
"comparativo","","alternativa ao zap contabil","A","comparativo","comparativo_ou_blog","","","","nao","","","","","","",""
"comparativo","","zap contabil alternativa","A","comparativo","comparativo_ou_blog","","","","nao","","","","","","",""
"comparativo","","zap contabil ou digisac","B","comparativo","blog","","","","nao","","","","","","",""
"comparativo","","alternativa digisac","B","comparativo","comparativo_ou_blog","","","","nao","","","","","","",""
"comparativo","","digisac alternativa","B","comparativo","comparativo_ou_blog","","","","nao","","","","","","",""
"comparativo","","melhor sistema de atendimento whatsapp","A","comparativo_generico","blog_ou_landing_page","","","","nao","","","","","","",""
"comparativo","","melhor sistema de whatsapp para empresas","A","comparativo_generico","blog_ou_landing_page","","","","nao","","","","","","",""
"comparativo","","melhor crm para whatsapp","B","comparativo_generico","blog","","","","nao","","","","","","",""
"comparativo","","sistema de whatsapp para contabilidade","A","categoria_nichada","landing_page","","","","sim","integgri.com.br; zappycontabil.com.br; whatscontabil.com; chatcontabil.com; nibo.com.br","","chatcontabil.com; integgri.com.br; nibo.com.br","","","","Top 3: 1. Sistema de WhatsApp para Escritório de Contabilidade | Teste Grátis | 2. Zappy Contábil: Sistema de Atendimento WhatsApp | 3. Whats Contábil - Landing Page - Whats Contábil"
"comparativo","","melhor whatsapp para contadores","B","comparativo_nichado","blog_ou_landing_page","","","","nao","","","","","","",""
