"coleta","data","grupo","nicho","termo","prioridade_inicial","position","domain","url","title","description","raw_file"
"correcao-contabilidade-acentos","2026-05-07","nicho","Contabilidade","sistema de atendimento para escritório contábil","A","1","dominiosistemas.com.br","https://www.dominiosistemas.com.br/","Sistema para contabilidade | Thomson Reuters - Soluções Domínio","Ligue 0800 645 4004. Vendas. Para informações comerciais sobre sistemas de contabilidade, ligue e fale com um dos nossos representantes. · Precisa de ajuda?","..\.firecrawl\ideiapages-serp\sistema-de-atendimento-para-escrit-rio-cont-bil.json"
"correcao-contabilidade-acentos","2026-05-07","nicho","Contabilidade","sistema de atendimento para escritório contábil","A","2","acelerato.com","https://acelerato.com/software-atendimento-para-contabilidade/","Software de Atendimento para Contabilidade | Sistema Acelerato |","Conte com um Software de atendimento para Contabilidade e melhore sua gestão! Crie uma central de atendimento online em poucos segundos e tenha o melhor ...","..\.firecrawl\ideiapages-serp\sistema-de-atendimento-para-escrit-rio-cont-bil.json"
"correcao-contabilidade-acentos","2026-05-07","nicho","Contabilidade","sistema de atendimento para escritório contábil","A","3","contabeis.com.br","https://www.contabeis.com.br/noticias/68315/os-05-melhores-sistemas-contabeis-do-brasil/","Os 05 melhores sistemas contábeis do Brasil","Descubra os 5 melhores sistemas contábeis do Brasil: Makro, Domínio, Alterdata, SCI e Contmatic. Compare funcionalidades, preços e suporte ...","..\.firecrawl\ideiapages-serp\sistema-de-atendimento-para-escrit-rio-cont-bil.json"
"correcao-contabilidade-acentos","2026-05-07","nicho","Contabilidade","sistema de atendimento para escritório contábil","A","4","contaazul.com","https://contaazul.com/contadores/","ERP para contadores e escritórios contábeis - Conta Azul","Automatize rotinas contábeis, ganhe produtividade e amplie seus serviços com o ERP Conta Azul para contadores e escritórios contábeis.","..\.firecrawl\ideiapages-serp\sistema-de-atendimento-para-escrit-rio-cont-bil.json"
"correcao-contabilidade-acentos","2026-05-07","nicho","Contabilidade","sistema de atendimento para escritório contábil","A","5","alterdata.com.br","https://www.alterdata.com.br/contabil","Soluções Contábeis Alterdata: Gestão Completa para Escritórios","Alterdata Contábil: soluções completas para automação contábil, fiscal e de departamento pessoal, simplificando a gestão empresarial.","..\.firecrawl\ideiapages-serp\sistema-de-atendimento-para-escrit-rio-cont-bil.json"
"correcao-contabilidade-acentos","2026-05-07","nicho","Contabilidade","sistema de whatsapp para escritório contábil","A","1","whatscontabil.com","https://whatscontabil.com/","Whats Contábil - Landing Page - Whats Contábil","Hoje atendemos a contabilidades robustas por todo Brasil. As vezes com 180 colaboradores atendendo a mais de 2 mil empresas pela plataforma. Se você atende ...","..\.firecrawl\ideiapages-serp\sistema-de-whatsapp-para-escrit-rio-cont-bil.json"
"correcao-contabilidade-acentos","2026-05-07","nicho","Contabilidade","sistema de whatsapp para escritório contábil","A","2","zappycontabil.com.br","https://zappycontabil.com.br/","Zappy Contábil: Sistema de Atendimento WhatsApp","O Sistema de Atendimento, Zappy Contábil vai transformar o seu WhatsApp em uma ferramenta de prospecção, atendimento e vendas com mais facilidade.","..\.firecrawl\ideiapages-serp\sistema-de-whatsapp-para-escrit-rio-cont-bil.json"
"correcao-contabilidade-acentos","2026-05-07","nicho","Contabilidade","sistema de whatsapp para escritório contábil","A","3","integgri.com.br","https://www.integgri.com.br/sistema-whatsapp-para-contatbilidade/","Sistema de WhatsApp para Escritório de Contabilidade | Teste Grátis","O sistema Integgri de WhatsApp para escritório de contabilidade permite que você tenha apenas um número, com vários atendentes separamos por departamentos. Pré-","..\.firecrawl\ideiapages-serp\sistema-de-whatsapp-para-escrit-rio-cont-bil.json"
"correcao-contabilidade-acentos","2026-05-07","nicho","Contabilidade","sistema de whatsapp para escritório contábil","A","4","zapcontabil.com","https://zapcontabil.com/","Zap Contábil","O Sistema de Atendimento, Zap Contábil vai transformar o seu WhatsApp em uma ferramenta de prospecção, atendimento e vendas com mais facilidade.","..\.firecrawl\ideiapages-serp\sistema-de-whatsapp-para-escrit-rio-cont-bil.json"
"correcao-contabilidade-acentos","2026-05-07","nicho","Contabilidade","sistema de whatsapp para escritório contábil","A","5","nibo.com.br","https://www.nibo.com.br/blog/whatsapp-contabil-atendimento-profissional","WhatsApp contábil: transforme a comunicação com seus clientes ...","Como implementar o WhatsApp contábil no seu escritório. O processo é simples e pode ser feito em poucos passos: Acesse o painel do Nibo ...","..\.firecrawl\ideiapages-serp\sistema-de-whatsapp-para-escrit-rio-cont-bil.json"
"correcao-contabilidade-acentos","2026-05-07","nicho","Contabilidade","whatsapp para escritórios contábeis","A","1","zapcontabil.com","https://zapcontabil.com/","Zap Contábil","O Sistema de Atendimento, Zap Contábil vai transformar o seu WhatsApp em uma ferramenta de prospecção, atendimento e vendas com mais facilidade.","..\.firecrawl\ideiapages-serp\whatsapp-para-escrit-rios-cont-beis.json"
"correcao-contabilidade-acentos","2026-05-07","nicho","Contabilidade","whatsapp para escritórios contábeis","A","2","integgri.com.br","https://www.integgri.com.br/sistema-whatsapp-para-contatbilidade/","Sistema de WhatsApp para Escritório de Contabilidade | Teste Grátis","O sistema Integgri de WhatsApp para escritório de contabilidade permite que você tenha apenas um número, com vários atendentes separamos por departamentos. Pré-","..\.firecrawl\ideiapages-serp\whatsapp-para-escrit-rios-cont-beis.json"
"correcao-contabilidade-acentos","2026-05-07","nicho","Contabilidade","whatsapp para escritórios contábeis","A","3","nibo.com.br","https://www.nibo.com.br/blog/whatsapp-contabil-atendimento-profissional","WhatsApp contábil: transforme a comunicação com seus clientes ...","Como implementar o WhatsApp contábil no seu escritório · Acesse o painel do Nibo Obrigações Plus e ative a integração com o WhatsApp. · Configure ...","..\.firecrawl\ideiapages-serp\whatsapp-para-escrit-rios-cont-beis.json"
"correcao-contabilidade-acentos","2026-05-07","nicho","Contabilidade","whatsapp para escritórios contábeis","A","4","zappycontabil.com.br","https://zappycontabil.com.br/sistema-de-gestao-do-whatsapp-corporativo-potencialize-seu-escritorio-contabil/","Sistema de gestão do WhatsApp corporativo - Zappy Contábil","Descubra como um sistema de gestão do WhatsApp pode melhorar o atendimento em seu escritório contábil! Leia nosso artigo e saiba mais!","..\.firecrawl\ideiapages-serp\whatsapp-para-escrit-rios-cont-beis.json"
"correcao-contabilidade-acentos","2026-05-07","nicho","Contabilidade","whatsapp para escritórios contábeis","A","5","socialhub.pro","https://www.socialhub.pro/blog/whatsapp-para-contabilidade/","WhatsApp para Contabilidade: Atendimento e Vendas - SocialHub","WhatsApp para contabilidade é a aplicação estratégica do aplicativo de mensagens para centralizar, automatizar e profissionalizar a comunicação ...","..\.firecrawl\ideiapages-serp\whatsapp-para-escrit-rios-cont-beis.json"
"correcao-contabilidade-acentos","2026-05-07","nicho","Contabilidade","whatsapp para contadores brasil","A","1","whatscontabil.com","https://whatscontabil.com/whats-contabil-mobile-2/","Gestão de Whatsapp para Contadores - Whats Contábil","A Mais Recomendada plataforma de Gestão de Whatsapp para Empresas Contábeis do Brasil. Exclusiva para Contadores. Quero receber uma Proposta.","..\.firecrawl\ideiapages-serp\whatsapp-para-contadores-brasil.json"
"correcao-contabilidade-acentos","2026-05-07","nicho","Contabilidade","whatsapp para contadores brasil","A","2","nibo.com.br","https://www.nibo.com.br/blog/whatsapp-contabil-atendimento-profissional","WhatsApp contábil: transforme a comunicação com seus clientes ...","Nos escritórios contábeis, o cenário é o mesmo: o cliente manda mensagem, envia comprovante, foto de nota, pergunta sobre impostos, tudo pelo ...","..\.firecrawl\ideiapages-serp\whatsapp-para-contadores-brasil.json"
"correcao-contabilidade-acentos","2026-05-07","nicho","Contabilidade","whatsapp para contadores brasil","A","3","zapcontabil.com","https://zapcontabil.com/","Zap Contábil","O Sistema de Atendimento, Zap Contábil vai transformar o seu WhatsApp em uma ferramenta de prospecção, atendimento e vendas com mais facilidade.","..\.firecrawl\ideiapages-serp\whatsapp-para-contadores-brasil.json"
"correcao-contabilidade-acentos","2026-05-07","nicho","Contabilidade","whatsapp para contadores brasil","A","4","confi.net.br","https://confi.net.br/gestao-de-whatsapp/","Gestão de WhatsApp - Confi Software","Atenda seus clientes com mais agilidade e organização pelo WhatsApp. Com a Confi, você divide o time por carteira e transfere atendimentos – com um chatbot ...","..\.firecrawl\ideiapages-serp\whatsapp-para-contadores-brasil.json"
"correcao-contabilidade-acentos","2026-05-07","nicho","Contabilidade","whatsapp para contadores brasil","A","5","contabeis.com.br","https://www.contabeis.com.br/noticias/74231/whatsapp-ferramenta-essencial-para-pequenos-negocios-e-contadores/","WhatsApp: Ferramenta essencial para pequenos negócios e ...","A funcionalidade “Omie no WhatsApp”, permite que profissionais contábeis reduzam tarefas repetitivas, foquem em análises estratégicas e até ...","..\.firecrawl\ideiapages-serp\whatsapp-para-contadores-brasil.json"
"correcao-contabilidade-acentos","2026-05-07","nicho","Contabilidade","atendimento whatsapp escritório contábil","A","1","whatscontabil.com","https://whatscontabil.com/whats-contabil-mobile-2/","Gestão de Whatsapp para Contadores - Whats Contábil","Triagem Automática. Quando o cliente chama, a plataforma faz um atendimento imediato direcionando automaticamente o cliente ao departamento desejado.","..\.firecrawl\ideiapages-serp\atendimento-whatsapp-escrit-rio-cont-bil.json"
"correcao-contabilidade-acentos","2026-05-07","nicho","Contabilidade","atendimento whatsapp escritório contábil","A","2","zappycontabil.com.br","https://zappycontabil.com.br/","Zappy Contábil: Sistema de Atendimento WhatsApp","O Sistema de Atendimento, Zappy Contábil vai transformar o seu WhatsApp em uma ferramenta de prospecção, atendimento e vendas com mais facilidade.","..\.firecrawl\ideiapages-serp\atendimento-whatsapp-escrit-rio-cont-bil.json"
"correcao-contabilidade-acentos","2026-05-07","nicho","Contabilidade","atendimento whatsapp escritório contábil","A","3","nibo.com.br","https://www.nibo.com.br/blog/whatsapp-contabil-atendimento-profissional","WhatsApp contábil: transforme a comunicação com seus clientes ...","Como implementar o WhatsApp contábil no seu escritório · Acesse o painel do Nibo Obrigações Plus e ative a integração com o WhatsApp. · Configure ...","..\.firecrawl\ideiapages-serp\atendimento-whatsapp-escrit-rio-cont-bil.json"
"correcao-contabilidade-acentos","2026-05-07","nicho","Contabilidade","atendimento whatsapp escritório contábil","A","4","superdrivecontabil.com.br","https://www.superdrivecontabil.com.br/atendimento-ao-cliente-contabil-via-whatsapp-transforme-seu-escritorio/","Atendimento ao cliente contábil via WhatsApp: transforme seu ...","O atendimento ao cliente contábil via WhatsApp se transformou em uma ferramenta indispensável e estratégica no mercado contábil.","..\.firecrawl\ideiapages-serp\atendimento-whatsapp-escrit-rio-cont-bil.json"
"correcao-contabilidade-acentos","2026-05-07","nicho","Contabilidade","atendimento whatsapp escritório contábil","A","5","integgri.com.br","https://www.integgri.com.br/sistema-whatsapp-para-contatbilidade/","Sistema de WhatsApp para Escritório de Contabilidade | Teste Grátis","O sistema Integgri de WhatsApp para escritório de contabilidade permite que você tenha apenas um número, com vários atendentes separamos por departamentos. Pré-","..\.firecrawl\ideiapages-serp\atendimento-whatsapp-escrit-rio-cont-bil.json"
