prioridade,cluster,titulo,termo_alvo,tipo,pagina_destino,objetivo,cta,links_internos,status
A,Horizontal,Como organizar atendimento pelo WhatsApp,organizar atendimento whatsapp,blog_autoridade,Como Organizar Atendimento pelo WhatsApp,Gerar autoridade para dor de organização e apoiar páginas horizontais,Veja como centralizar o atendimento da sua equipe no WhatsApp,"Sistema de Atendimento WhatsApp; WhatsApp com Multiplos Atendentes; Como Centralizar Atendimento no WhatsApp",primeira_onda
A,Horizontal,Como centralizar atendimento no WhatsApp,centralizar atendimento whatsapp,blog_autoridade,Como Centralizar Atendimento no WhatsApp,Gerar autoridade para dor de centralização e apoiar páginas horizontais,Descubra quando sua empresa precisa sair do WhatsApp individual,"Sistema de Atendimento WhatsApp; WhatsApp com Multiplos Atendentes; Como Organizar Atendimento pelo WhatsApp",primeira_onda
A,Horizontal,Como controlar atendimentos recebidos pelo WhatsApp,controle de atendimento whatsapp,blog_apoio,Sistema de Atendimento WhatsApp,Capturar dor operacional de controle e direcionar para LP horizontal,Veja como controlar atendimentos sem perder histórico,"Sistema de Atendimento WhatsApp; WhatsApp com Multiplos Atendentes",primeira_onda
A,Horizontal,Como medir a performance da equipe de atendimento no WhatsApp,gestao de atendimento whatsapp,blog_apoio,Sistema de Atendimento WhatsApp,Capturar demanda por métricas e gestão da equipe,Veja como acompanhar produtividade e atendimento da equipe,"Sistema de Atendimento WhatsApp; WhatsApp com Multiplos Atendentes",primeira_onda
A,Contabilidade,Como organizar o atendimento pelo WhatsApp em um escritório contábil,atendimento whatsapp escritório contábil,blog_apoio,Atendimento WhatsApp para Escritorio Contabil,Apoiar LP contábil com dor específica de atendimento,Conheça uma forma de organizar o atendimento do seu escritório contábil pelo WhatsApp,"Atendimento WhatsApp para Escritorio Contabil; Sistema de WhatsApp para Escritorio Contabil",primeira_onda
A,Contabilidade,"WhatsApp contábil: como padronizar atendimento entre fiscal, DP e financeiro",whatsapp para escritórios contábeis,blog_apoio,WhatsApp para Escritorios Contabeis,Apoiar LP contábil com dor de padronização,Veja como padronizar o atendimento entre fiscal DP e financeiro,"WhatsApp para Escritorios Contabeis; Sistema de WhatsApp para Contabilidade",primeira_onda
A,Contabilidade,"Como centralizar mensagens, documentos e solicitações de clientes da contabilidade",sistema de whatsapp para escritório contábil,blog_apoio,Sistema de WhatsApp para Escritorio Contabil,Apoiar LP principal de contabilidade com dor de centralização,Conheça uma forma de centralizar mensagens e solicitações dos clientes,"Sistema de WhatsApp para Escritorio Contabil; Atendimento WhatsApp para Escritorio Contabil",primeira_onda
A,Imobiliarias,Como responder leads imobiliários mais rápido pelo WhatsApp,atendimento whatsapp para imobiliarias,blog_apoio,Atendimento WhatsApp para Imobiliarias,Apoiar LP imobiliária com dor de velocidade no lead,Veja como sua imobiliária pode responder leads com mais controle pelo WhatsApp,"Atendimento WhatsApp para Imobiliarias; Sistema de Atendimento WhatsApp",primeira_onda
A,Imobiliarias,"Automação WhatsApp para imobiliárias: como fazer follow-up sem perder oportunidades",automacao whatsapp para imobiliarias,blog_apoio,Automacao WhatsApp para Imobiliarias,Apoiar LP imobiliária com dor de follow-up e recorrência,Organize corretores leads e follow-ups em uma operação centralizada,"Automacao WhatsApp para Imobiliarias; Atendimento WhatsApp para Imobiliarias",primeira_onda
A,Funcionalidade,"WhatsApp com múltiplos atendentes: quando a empresa precisa sair do improviso",whatsapp com multiplos atendentes,blog_apoio,WhatsApp com Multiplos Atendentes,Apoiar página de funcionalidade e educar empresas em crescimento,Veja como organizar múltiplos atendentes sem perder controle,"WhatsApp com Multiplos Atendentes; Sistema de Atendimento WhatsApp",primeira_onda
B,Contabilidade,"Chatbot WhatsApp para contabilidade: onde automatizar e onde manter atendimento humano",chatbot whatsapp para contabilidade,blog_apoio,Sistema de WhatsApp para Contabilidade,Apoiar demanda por automação sem prometer substituição total,Veja como automatizar rotinas sem perder controle do atendimento,"Sistema de WhatsApp para Contabilidade; WhatsApp para Escritorios Contabeis",segunda_onda
B,Contabilidade,"CRM WhatsApp para contabilidade: como acompanhar solicitações e histórico de clientes",crm whatsapp para contabilidade,blog_apoio,Sistema de WhatsApp para Contabilidade,Apoiar demanda de histórico e gestão de cliente,Veja como manter histórico e controle das solicitações dos clientes,"Sistema de WhatsApp para Contabilidade; Atendimento WhatsApp para Escritorio Contabil",segunda_onda
B,Contabilidade,"Automação WhatsApp para contabilidade: exemplos práticos para rotina fiscal e DP",automacao whatsapp para contabilidade,blog_apoio,Sistema de WhatsApp para Escritorio Contabil,Apoiar intenção de automação em rotinas contábeis,Veja exemplos de automação para fiscal DP e financeiro,"Sistema de WhatsApp para Escritorio Contabil; Sistema de WhatsApp para Contabilidade",segunda_onda
B,Imobiliarias,Sistema para atendimento de leads imobiliários: como reduzir perda de oportunidades,sistema para atendimento de leads imobiliarios,blog_apoio,Atendimento WhatsApp para Imobiliarias,Apoiar intenção de gestão de leads imobiliários,Veja como reduzir perda de oportunidades no atendimento imobiliário,"Atendimento WhatsApp para Imobiliarias; Automacao WhatsApp para Imobiliarias",segunda_onda
B,Imobiliarias,"WhatsApp para corretores: como organizar conversas, retornos e visitas",whatsapp para corretores,blog_apoio,Atendimento WhatsApp para Imobiliarias,Apoiar busca de corretores e operação comercial,Organize conversas retornos e visitas em uma operação centralizada,"Atendimento WhatsApp para Imobiliarias; Sistema de Atendimento WhatsApp",segunda_onda
B,Imobiliarias,"CRM WhatsApp para imobiliárias: como acompanhar lead, imóvel e corretor responsável",crm whatsapp para imobiliarias,blog_apoio,Automacao WhatsApp para Imobiliarias,Apoiar intenção comercial de CRM no nicho imobiliário,Veja como acompanhar leads imóveis e responsáveis pelo atendimento,"Automacao WhatsApp para Imobiliarias; Atendimento WhatsApp para Imobiliarias",segunda_onda
B,Clinicas,Atendimento WhatsApp para clínicas: sinais para teste futuro,atendimento whatsapp para clinicas,blog_exploratorio,Sistema de Atendimento WhatsApp,Manter registro de oportunidade futura sem priorizar no MVP,Veja como centralizar atendimento e mensagens de pacientes,Sistema de Atendimento WhatsApp,exploratorio
B,Odontologia,Atendimento WhatsApp para dentistas: sinais para teste futuro,atendimento whatsapp para dentistas,blog_exploratorio,Sistema de Atendimento WhatsApp,Manter registro de oportunidade futura sem priorizar no MVP,Veja como organizar atendimento e retornos de pacientes,Sistema de Atendimento WhatsApp,exploratorio
