slide,titulo,mensagem_principal,pontos_chave,fonte,visual_sugerido
1,Estrategia SEO do MVP - Ideia Multi Chat,Sair da etapa tecnica e entrar na validacao estrategica de demanda,"Pesquisa; Priorizacao; Paginas; Blog; Search Console; Ajustes",,Fluxo simples do metodo
2,O ponto levantado pelo Victor,A pergunta principal era estrategica e nao tecnica,"Quem busca; quais nichos; quais termos; blog; autoridade; concorrentes",Transcricao da reuniao e notas,Card com pergunta central
3,O que precisavamos validar,Transformar ideias em hipoteses testaveis,"Busca horizontal; contabilidade; outros nichos; blog como apoio",hipoteses-seo-mvp.md,Lista de hipoteses
4,Como pesquisamos,A escolha saiu de matriz de nichos termos SERP concorrentes e score,"Nicho; termo; SERP; concorrente; score; validacao",matriz-nichos-mvp.md; matriz-termos-mvp.md; relatorio-coleta-externa-passo-4.md; score-oportunidades-mvp.md,Pipeline de pesquisa
5,Existe busca por dores de atendimento no WhatsApp,Termos horizontais capturam empresas que ainda nao pesquisam por segmento,"sistema de atendimento whatsapp; whatsapp com multiplos atendentes; centralizar atendimento whatsapp; organizar atendimento whatsapp",score-oportunidades-mvp.md,Nuvem ou tabela de termos
6,Contabilidade segue como principal cluster,Contabilidade combina fit comercial base atual e SERP nichada,"sistema de whatsapp para escritorio contabil; atendimento whatsapp escritorio contabil; Zap Contabil; Whats Contabil; Zappy Contabil",validacao-nicho-contabil.md; analise-concorrentes-mvp.md,Tabela termo x concorrentes
7,Testamos se existe nicho melhor que contabilidade,Imobiliarias apareceu como melhor nicho nao contabil,"Imobiliarias forte; clinicas com ruido; odontologia fragmentada",comparativo-nichos-prioridade-a.md,Comparativo de nichos
8,Foco do MVP,O MVP precisa ser focado para medir resultado,"Contabilidade principal; imobiliarias segundo cluster; horizontais; blog; clinicas e odontologia depois",top-10-paginas-mvp.md,Mapa de clusters
9,Primeiro lote recomendado,As 10 paginas equilibram nicho categoria e autoridade,"4 contabilidade; 2 imobiliarias; 2 horizontais; 2 blogs",top-10-paginas-mvp.md,Tabela das 10 paginas
10,Copy baseada nas dores reais do produto,As paginas devem vender profissionalizacao do atendimento,"atendimento unificado; performance; padronizacao; automacao; metricas; tags",Notas da reuniao,Mapa dor x argumento
11,Home e blog como camada de autoridade,A home deve ser o indexador da estrategia,"Home distribui autoridade; blog apoia LPs; links internos; Search Console alimenta ajustes",plano-blog-mvp.md,Arquitetura home blog LP
12,Conteudos que apoiam as LPs,O blog comeca pelos temas que sustentam paginas prioritarias,"organizar; centralizar; controle; performance; contabilidade; imobiliarias; multiplos atendentes",plano-blog-mvp.md,Roadmap de pautas
13,Proxima execucao em 4 semanas,O MVP deve sair com publicacao medicao e ajuste,"Semana 1 publicar base; Semana 2 contabilidade e imobiliarias; Semana 3 apoio; Semana 4 ajustes",plano-blog-mvp.md,Linha do tempo
14,Como vamos saber se funcionou,O Search Console vira fonte de verdade depois da publicacao,"impressoes; CTR; posicao; termos inesperados; baixa CTR; conversoes",,Dashboard de metricas
15,Decisoes para destravar o MVP,A estrategia precisa de validacao comercial e liberacao,"validar contabilidade; aprovar imobiliarias; Search Console; Google Meu Negocio; concorrentes; dores",,Checklist de decisoes
16,Proxima tese a validar,A tese e publicar 10 paginas e deixar os dados reais indicarem ajustes,"contabilidade; imobiliarias; blog; linkagem; Search Console; autocura",,Resumo da tese
Anexo A,Nichos pesquisados fora contabilidade,Mostrar que contabilidade nao foi escolhida sem comparacao,"imobiliarias; clinicas; odontologia",comparativo-nichos-prioridade-a.md,Tabela comparativa
Anexo B,Concorrentes por cluster,Apoiar benchmarking quando necessario,"Zap Contabil; Nibo; Universal Software; ChatImob; outros",analise-concorrentes-mvp.md,Mapa de concorrentes
Anexo C,Lista completa de termos,Aprofundar se pedirem metodo tecnico,"matriz de termos; score; uso recomendado",matriz-termos-mvp.md; score-oportunidades-mvp.md,Tabela completa filtrada
